-- phpMyAdmin SQL Dump
-- version 4.5.1
-- http://www.phpmyadmin.net
--
-- Host: 127.0.0.1
-- Generation Time: 2017-01-24 16:26:22
-- 服务器版本： 10.1.19-MariaDB
-- PHP Version: 5.6.28

SET SQL_MODE = "NO_AUTO_VALUE_ON_ZERO";
SET time_zone = "+00:00";


/*!40101 SET @OLD_CHARACTER_SET_CLIENT=@@CHARACTER_SET_CLIENT */;
/*!40101 SET @OLD_CHARACTER_SET_RESULTS=@@CHARACTER_SET_RESULTS */;
/*!40101 SET @OLD_COLLATION_CONNECTION=@@COLLATION_CONNECTION */;
/*!40101 SET NAMES utf8mb4 */;

--
-- Database: `fantasystar`
--

-- --------------------------------------------------------

--
-- 表的结构 `book`
--

CREATE TABLE `book` (
  `FSBN` mediumint(5) UNSIGNED ZEROFILL NOT NULL,
  `FSBOOK` varchar(30) COLLATE utf8_unicode_ci NOT NULL,
  `ISBN` varchar(20) COLLATE utf8_unicode_ci DEFAULT NULL,
  `AUTHOR` varchar(80) COLLATE utf8_unicode_ci DEFAULT NULL,
  `BNUM` tinyint(4) NOT NULL,
  `PRICE` float(7,2) DEFAULT NULL,
  `PUB` varchar(30) COLLATE utf8_unicode_ci DEFAULT NULL,
  `BDATE` date DEFAULT NULL,
  `ISBOR` tinyint(4) DEFAULT NULL,
  `BORNUM` int(4) DEFAULT '0',
  `BSCORE` decimal(2,1) DEFAULT '0.0',
  `STORAGE` varchar(15) COLLATE utf8_unicode_ci DEFAULT NULL,
  `INFO` text COLLATE utf8_unicode_ci,
  `NOTE` tinytext COLLATE utf8_unicode_ci
) ENGINE=InnoDB DEFAULT CHARSET=utf8 COLLATE=utf8_unicode_ci;

--
-- 转存表中的数据 `book`
--

INSERT INTO `book` (`FSBN`, `FSBOOK`, `ISBN`, `AUTHOR`, `BNUM`, `PRICE`, `PUB`, `BDATE`, `ISBOR`, `BORNUM`, `BSCORE`, `STORAGE`, `INFO`, `NOTE`) VALUES
(10001, '软件体的生命周期', '978-7-5447-5246-6', '特德·姜', 1, 35.00, '译林出版社', '2015-05-01', 0, 1, '0.0', '云游君', '《软件体的生命周期》是[美国]特德·姜的作品，2015年5月译林出版社出版。译者张博然等。\r\n作者特德·姜是为世界科幻界认可的华裔科幻作家。他游走在科幻边缘，在科幻架构上探讨哲学、人性与情感。《软件体的生命周期》一书结集了特德·姜的《软件体的生命周期》、《赏心悦目》、《商人和炼金术士之门》等六部作品。随着数码体市场的发展、壮大、冷淡和萧条，数码体们的命运也随之发生变迁。', '第八届上海高校幻想节（海事场）奖品'),
(10002, '  银河帝国Ⅰ\n   基地', ' 978-7-5399-4979-6', '〔美〕艾萨克·阿西莫夫著 \n       叶李华译', 1, 29.90, '江苏文艺出版社', '2015-01-01', 1, 0, '9.2', ' 沈曦', '', ' 社团财产'),
(10003, '  银河帝国Ⅱ\n   基地与帝国', ' 978-7-5399-4978-9', '〔美〕艾萨克·阿西莫夫著 \n       叶李华译', 1, 29.90, '江苏文艺出版社', '2015-01-01', 1, 0, '9.4', ' 沈曦', '', ' 社团财产'),
(10004, '  银河帝国Ⅲ\n   第二帝国', ' 978-7-5399-5268-0', '〔美〕艾萨克·阿西莫夫著 \n       叶李华译\n', 1, 29.90, '江苏文艺出版社', '2015-01-01', 1, 0, '9.6', ' 沈曦', '', ' 社团财产'),
(10005, '  银河帝国Ⅳ\n   基地前奏', ' 978-7-5399-5434-9', '〔美〕艾萨克·阿西莫夫著 \n       叶李华译', 1, 39.90, '江苏文艺出版社', '2015-01-01', 1, 0, '9.4', ' 沈曦', '', ' 社团财产'),
(10006, '  银河帝国Ⅴ\n   迈向基地', ' 978-7-5399-5435-6', '〔美〕艾萨克·阿西莫夫著 \n       叶李华译', 1, 39.90, '江苏文艺出版社', '2015-01-01', 1, 0, '9.6', ' 沈曦', '', ' 社团财产'),
(10007, '  银河帝国Ⅵ\n   基地边缘', ' 978-7-5399-5436-3', '〔美〕艾萨克·阿西莫夫著 \n       叶李华译', 1, 39.90, '江苏文艺出版社', '2015-01-01', 1, 0, '9.6', ' 沈曦', '', ' 社团财产'),
(10008, '  银河帝国Ⅶ\n   基地与地球', ' 978-7-5399-5437-0', '〔美〕艾萨克·阿西莫夫著 \n       叶李华译', 1, 46.00, '江苏文艺出版社', '2015-01-01', 1, 1, '9.2', '', '', ' 社团财产'),
(10009, '  伤心者', ' 978-7-5399-8643-2', '         何夕著', 1, 35.00, '江苏凤凰文艺出版社', '2015-10-01', 1, 0, '9.0', ' 沈曦', '', ' 社团财产'),
(10010, '  六道众生', ' 978-7-5354-5865-0', '         何夕著', 3, 32.00, '长江文艺出版社', '2012-09-01', 3, 0, '0.0', ' 沈曦', '', ' 社团财产'),
(10011, '  湿婆之舞', ' 978-7-5364-7481-9', '         江波著', 1, 38.00, '四川出版集团·四川科学技术出版社', '2012-10-01', 1, 0, '0.0', ' 沈曦', '', '有作者亲笔签名（林绍鹏捐赠）'),
(10012, '  银河之心\n ·暗黑深渊', ' 978-7-5364-09-4', '         江波著', 1, 34.00, '四川出版集团·四川科学技术出版社', '2013-08-01', 1, 0, '0.0', ' 沈曦', '', '有作者亲笔签名（林绍鹏捐赠）'),
(10013, '  差分机', ' 978-7-5133-1181-6', '  威廉·吉布森 布鲁斯·斯  特林著     雒城译', 1, 45.00, '新星出版社', '2014-11-01', 1, 0, '0.0', NULL, NULL, '杨一苇捐赠'),
(10014, '与机器人同行', ' 987-7-5364-8215-9', '         阿缺著', 1, 32.00, '四川出版集团·四川科学技术出版社', '2015-10-01', 1, 0, '0.0', ' 沈曦', '', '社团财产'),
(10015, '  湮灭\n  遗落的南境', ' 978-7-5455-1616-6', '〔美〕杰夫·范德米尔著 \n        胡绍晏译', 1, 28.00, '天地出版社', '2016-02-01', 1, 0, '7.8', ' 沈曦', '', '社团财产'),
(10016, '  医院', ' 978-7321-6044-0', '        韩松著', 1, 35.00, '上海文艺出版社', '2016-05-01', 1, 0, '0.0', ' 沈曦', '', '有作者亲笔签名（杨昊霖捐赠）'),
(10017, '三体X观想之宙', ' 978-7-229-03981-3', '        宝树著', 1, 17.00, '重庆出版社', '2011-06-01', 1, 0, '0.0', ' 沈曦', '', '有作者亲笔签名'),
(10018, '  时间之墟', ' 978-7-5354-6887-1', '        宝树著', 1, 29.80, '长江文艺出版社', '0000-00-00', 1, 0, '8.0', ' 沈曦', '', ' 社团财产'),
(10019, '  与吾同在', ' 978-7-229-04528-9', '       王晋康著', 1, 29.00, '重庆出版社', '2011-09-01', 1, 0, '0.0', ' 沈曦', '', '有作者亲笔签名（林绍鹏捐赠）'),
(10020, ' 2037化学笔记', ' 978-7-5354-6161-2', '       陈奕璐著', 1, 26.80, '长江文艺出版社', '0000-00-00', 1, 0, '0.0', ' 沈曦', '', '社团财产'),
(10021, '  星云Ⅳ', ' 7-5364-6050-3', '  陈楸帆 飞氘 七月', 1, 15.00, '四川出版集团·四川科学技术出版社', '2006-09-01', 1, 0, '8.2', ' 沈曦', '', '社团财产'),
(10022, '  星云Ⅴ', ' 7-5364-6099-6', '       吴弼川著', 1, 15.00, '四川出版集团·四川科学技术出版社', '2006-11-01', 1, 0, '8.2', ' 沈曦', '', '社团财产'),
(10023, '  本日优惠日', ' 978-7-5329-4208-4', '      朱川凑人著\n       丁丁虫译', 1, 25.00, '山东文艺出版社', '2013-08-01', 1, 0, '0.0', ' 沈曦', '', '杨一苇捐赠'),
(10024, '银河系搭车客   \n   指南', ' 978-7-5327-5468-7', '〔英〕道格拉斯·亚当斯著\n       姚向辉译', 1, 26.00, '上海译文出版社', '2014-11-01', 1, 0, '8.6', ' 沈曦', '', '社团财产'),
(10025, '  基本上无害', ' 978-7-5364-6603-6', '〔英〕道格拉斯·亚当斯著\n        胡纾译', 1, 20.00, '四川出版集团·四川科学技术出版社', '2008-12-01', 1, 0, '8.4', ' 沈曦', '', '社团财产'),
(10026, '  拜拜，\n多谢你们的鱼', ' 978-7-5364-6602-9', '〔英〕道格拉斯·亚当斯著\n        胡纾译', 1, 16.00, '四川出版集团·四川科学技术出版社', '2008-12-01', 1, 0, '0.0', ' 沈曦', '', '社团财产'),
(10027, '  生命丶\n宇宙的一切', ' 978-7-5364-6597-8', '〔英〕道格拉斯·亚当斯著\n        胡纾译', 1, 18.00, '四川出版集团·四川科学技术出版社', '2008-12-01', 1, 0, '7.2', ' 沈曦', '', '社团财产'),
(10028, '  科幻 \n原力觉醒', ' 978-7-5306-6937-2', '       郑军/主编', 2, 20.00, '百花文艺出版', '0000-00-00', 2, 0, '0.0', ' 沈曦', '', '社团财产'),
(10029, '  蚁人·\n  重生之人', ' 978-7-302-43144-2', '〔美〕尼克·斯宾塞/著\n〔西班牙〕拉蒙·罗赞拉斯 等/绘\n      克瑞斯/译', 1, 45.00, '清华大学出版社', '0000-00-00', 1, 1, '0.0', '', '', '社团财产'),
(10030, '  蚁人·\n  电影前奏', ' 978-7-302-42039-2', '     威尔·科罗纳·皮尔格林/著\n〔墨〕米格尔·赛普尔韦达 等/绘\n       克瑞斯/译', 1, 55.00, '清华大学出版社', '0000-00-00', 1, 1, '0.0', '', '', '社团财产'),
(10031, '  科幻世界', ' 1003-7055', '     王晋康  郝景芳', 1, 5.00, '成都市邮政局', '2008-08-01', 1, 0, '0.0', ' 沈曦', '', '社团财产'),
(10032, '  科幻世界', ' 1003-7055', '', 1, 5.00, '成都市邮政局', '2008-02-01', 1, 0, '0.0', ' 沈曦', '', '社团财产'),
(10033, '  科幻世界', ' 1003-7055', '', 1, 5.00, '成都市邮政局', '2008-05-01', 1, 0, '0.0', ' 沈曦', '', '社团财产'),
(10034, '  科幻世界', ' 1003-7055', '', 2, 5.00, '成都市邮政局', '2009-01-01', 2, 0, '0.0', ' 沈曦', '', '社团财产'),
(10035, '  科幻世界', ' 1003-7055', '     ', 1, 5.00, '成都市邮政局', '2009-03-01', 1, 0, '0.0', ' 沈曦', '', '社团财产'),
(10036, '  科幻世界', ' 1003-7055', '   ', 1, 5.00, '成都市邮政局', '2009-06-01', 1, 0, '0.0', ' 沈曦', '', '社团财产'),
(10037, '  科幻世界', ' 1003-7055', '', 1, 5.00, '成都市邮政局', '2009-08-01', 1, 0, '7.4', ' 沈曦', '', '社团财产'),
(10038, '  科幻世界', ' 1003-7055', '', 1, 5.00, '成都市邮政局', '2009-10-01', 1, 0, '7.2', ' 沈曦', '', '社团财产'),
(10039, '  科幻世界', ' 1003-7055', '', 2, 5.00, '成都市邮政局', '2010-03-01', 2, 0, '7.0', ' 沈曦', '', '社团财产'),
(10040, '  科幻世界', ' 1003-7055', '', 1, 5.00, '成都市邮政局', '2010-04-01', 1, 0, '7.0', ' 沈曦', '', '社团财产'),
(10041, '  科幻世界', ' 1003-7055', '', 1, 5.00, '成都市邮政局', '2010-08-01', 1, 0, '7.2', ' 沈曦', '', '社团财产'),
(10042, '  科幻世界', ' 1003-7055', '', 1, 5.00, '成都市邮政局', '2010-09-01', 1, 0, '6.6', ' 沈曦', '', '社团财产'),
(10043, '  科幻世界', ' 1003-7055', '', 1, 5.00, '成都市邮政局', '2011-09-01', 1, 0, '7.2', ' 沈曦', '', '社团财产'),
(10044, '  科幻世界', ' 1003-7055', '', 1, 5.00, '成都市邮政局', '2011-10-01', 1, 0, '0.0', ' 沈曦', '', '社团财产'),
(10045, '  科幻世界', ' 1003-7055', '', 1, 5.00, '成都市邮政局', '2012-02-01', 1, 0, '7.0', ' 沈曦', '', '社团财产'),
(10046, '  科幻世界', ' 1003-7055', '', 1, 5.00, '成都市邮政局', '2012-05-01', 1, 0, '7.2', ' 沈曦', '', '社团财产'),
(10047, '  科幻世界', ' 1003-7055', '', 2, 5.00, '成都市邮政局', '2012-09-01', 2, 0, '7.2', ' 沈曦', '', '社团财产'),
(10048, '  科幻世界', ' 1003-7055', '', 2, 5.00, '成都市邮政局', '2013-01-01', 2, 0, '7.6', ' 沈曦', '', '社团财产'),
(10049, '  科幻世界', ' 1003-7055', '', 1, 5.00, '成都市邮政局', '2013-12-01', 1, 0, '7.0', ' 沈曦', '', '社团财产'),
(10050, '  科幻世界', ' 1003-7055', '', 1, 5.00, '成都市邮政局', '2014-03-01', 1, 0, '7.4', ' 沈曦', '', '社团财产'),
(10051, '  科幻世界', ' 1003-7055', '', 1, 5.00, '成都市邮政局', '2014-04-01', 1, 0, '7.6', ' 沈曦', '', '社团财产'),
(10052, '  科幻世界', ' 1003-7055', '', 1, 5.00, '成都市邮政局', '2014-05-01', 1, 0, '7.6', ' 沈曦', '', '社团财产'),
(10053, '  科幻世界', ' 1003-7055', '', 1, 5.00, '成都市邮政局', '2014-06-01', 1, 0, '7.2', ' 沈曦', '', '社团财产'),
(10054, '  科幻世界', ' 1003-7055', '', 1, 5.00, '成都市邮政局', '2014-07-01', 1, 0, '7.4', ' 沈曦', '', '社团财产'),
(10055, '  科幻世界', ' 1003-7055', '', 1, 5.00, '成都市邮政局', '2014-08-01', 1, 0, '7.4', ' 沈曦', '', '社团财产'),
(10056, '  科幻世界\n  (译文版)', ' 1003-7055', '', 1, 5.00, '成都市邮政局', '2014-09-01', 1, 0, '7.6', ' 沈曦', '', '社团财产'),
(10057, '  科幻世界', ' 1003-7055', '', 2, 5.00, '成都市邮政局', '2014-09-01', 2, 0, '7.6', ' 沈曦', '', '社团财产'),
(10058, '  科幻世界', ' 1003-7055', '', 1, 5.00, '成都市邮政局', '2014-10-01', 1, 0, '7.6', ' 沈曦', '', '社团财产'),
(10059, '  科幻世界', ' 1003-7055', '', 1, 5.00, '成都市邮政局', '2014-11-01', 1, 0, '7.0', ' 沈曦', '', '社团财产'),
(10060, '  科幻世界', ' 1003-7055', '', 2, 5.00, '成都市邮政局', '2014-12-01', 2, 0, '7.2', ' 沈曦', '', '社团财产'),
(10061, '  科幻世界', ' 1003-7055', '', 2, 5.00, '成都市邮政局', '2015-01-01', 2, 0, '6.8', ' 沈曦', '', '杨一苇捐赠'),
(10062, '  科幻世界', ' 1003-7055', '', 2, 5.00, '成都市邮政局', '2015-02-01', 2, 0, '7.8', ' 沈曦', '', '杨一苇捐赠'),
(10063, '  科幻世界', ' 1003-7055', '', 2, 5.00, '成都市邮政局', '2015-03-01', 2, 0, '7.4', ' 沈曦', '', '杨一苇捐赠'),
(10064, '  科幻世界', ' 1003-7055', '', 2, 5.00, '成都市邮政局', '2015-04-01', 2, 0, '7.2', ' 沈曦', '', '杨一苇捐赠'),
(10065, '科幻世界', ' 1003-7055', NULL, 1, 5.00, '成都市邮政局', '2015-05-01', 1, 0, '7.6', ' 沈曦', NULL, '杨一苇捐赠'),
(10072, '1231321', NULL, NULL, 1, NULL, NULL, NULL, 1, 0, NULL, NULL, NULL, NULL);

-- --------------------------------------------------------

--
-- 表的结构 `bookcomment`
--

CREATE TABLE `bookcomment` (
  `CID` int(6) UNSIGNED ZEROFILL NOT NULL,
  `FSBN` mediumint(5) NOT NULL,
  `ID` char(12) COLLATE utf8_unicode_ci NOT NULL,
  `CTIME` timestamp NOT NULL DEFAULT CURRENT_TIMESTAMP ON UPDATE CURRENT_TIMESTAMP,
  `COMMENT` text COLLATE utf8_unicode_ci NOT NULL
) ENGINE=InnoDB DEFAULT CHARSET=utf8 COLLATE=utf8_unicode_ci;

--
-- 转存表中的数据 `bookcomment`
--

INSERT INTO `bookcomment` (`CID`, `FSBN`, `ID`, `CTIME`, `COMMENT`) VALUES
(000003, 10001, '201410311072', '2016-10-29 15:44:20', '《软件体的生命周期》是[美国]特德·姜的作品，2015年5月译林出版社出版。译者张博然等。 作者特德·姜是为世界科幻界认可的华裔科幻作家。他游走在科幻边缘，在科幻架构上探讨哲学、人性与情感。《软件体的生命周期》一书结集了特德·姜的《软件体的生命周期》、《赏心悦目》、《商人和炼金术士之门》等六部作品。随着数码体市场的发展、壮大、冷淡和萧条，数码体们的命运也随之发生变迁。'),
(000004, 10001, '201410311072', '2016-10-29 16:12:34', '冻住，不洗澡!'),
(000008, 10001, '201410311072', '2016-10-30 07:20:47', '如果我跑的足够快,我的孤独就追不上我。'),
(000009, 10002, '201410311072', '2016-11-08 11:58:43', '午时已到！'),
(000010, 10016, '201410311072', '2016-11-09 08:01:28', '学医救不了中国人！'),
(000011, 10027, '201410311072', '2016-11-09 08:11:40', '42');

-- --------------------------------------------------------

--
-- 表的结构 `borrow`
--

CREATE TABLE `borrow` (
  `ID` char(12) COLLATE utf8_unicode_ci NOT NULL,
  `FSBN` char(5) COLLATE utf8_unicode_ci NOT NULL,
  `BDATE` timestamp NULL DEFAULT CURRENT_TIMESTAMP,
  `RDATE` date NOT NULL
) ENGINE=InnoDB DEFAULT CHARSET=utf8 COLLATE=utf8_unicode_ci;

-- --------------------------------------------------------

--
-- 表的结构 `college`
--

CREATE TABLE `college` (
  `ACADEMY` char(2) COLLATE utf8_unicode_ci NOT NULL,
  `ACANAME` char(30) COLLATE utf8_unicode_ci NOT NULL
) ENGINE=InnoDB DEFAULT CHARSET=utf8 COLLATE=utf8_unicode_ci;

--
-- 转存表中的数据 `college`
--

INSERT INTO `college` (`ACADEMY`, `ACANAME`) VALUES
('00', '我来自其他奇怪的地方'),
('01', '商船学院'),
('02', '物流工程学院'),
('03', '信息工程学院'),
('04', '海洋环境与安全工程学院'),
('06', '交通运输学院'),
('07', '经济管理学院'),
('08', '外国语学院'),
('10', '文理学院'),
('20', '继续教育学院');

-- --------------------------------------------------------

--
-- 表的结构 `member`
--

CREATE TABLE `member` (
  `ID` char(12) COLLATE utf8_unicode_ci NOT NULL,
  `PASSWORD` varchar(18) COLLATE utf8_unicode_ci NOT NULL,
  `NAME` varchar(15) COLLATE utf8_unicode_ci NOT NULL,
  `SEX` tinyint(1) DEFAULT NULL,
  `DEP` tinyint(1) NOT NULL DEFAULT '0',
  `JOB` varchar(20) COLLATE utf8_unicode_ci NOT NULL DEFAULT '社员',
  `TEL` char(11) COLLATE utf8_unicode_ci DEFAULT NULL,
  `EMAIL` varchar(50) COLLATE utf8_unicode_ci DEFAULT NULL,
  `ACADEMY` char(2) COLLATE utf8_unicode_ci NOT NULL,
  `CLASS` varchar(20) COLLATE utf8_unicode_ci DEFAULT NULL,
  `BLIMIT` int(11) NOT NULL DEFAULT '5',
  `token` varchar(50) COLLATE utf8_unicode_ci NOT NULL,
  `status` tinyint(1) NOT NULL DEFAULT '0',
  `regtime` timestamp NOT NULL DEFAULT CURRENT_TIMESTAMP ON UPDATE CURRENT_TIMESTAMP
) ENGINE=InnoDB DEFAULT CHARSET=utf8 COLLATE=utf8_unicode_ci;

--
-- 转存表中的数据 `member`
--

INSERT INTO `member` (`ID`, `PASSWORD`, `NAME`, `SEX`, `DEP`, `JOB`, `TEL`, `EMAIL`, `ACADEMY`, `CLASS`, `BLIMIT`, `token`, `status`, `regtime`) VALUES
('201210731050', 'qwerty', '姚均均', 0, 2, '社员', '13651998446', NULL, '07', '工商122', 0, '', 0, '2016-10-11 05:05:12'),
('201310121217', 'qwerty', '王晓峰', 0, 2, '社员', '18201775906', '', '01', '轮机137', 0, '', 0, '2016-10-10 15:54:25'),
('201310121235', 'qwerty', '张佳林', 0, 1, '部长', '18201786302', '', '02', '机械132', 0, '', 0, '2016-10-10 15:54:25'),
('201310210069', 'qwerty', '马帅', 0, 2, '社员', '13262879831', '', '02', '港机131', 0, '', 0, '2016-10-10 15:54:25'),
('201310210133', 'qwerty', '李欧阳', 0, 3, '社员', '18221739576', '', '02', '港机131', 0, '', 0, '2016-10-10 15:54:25'),
('201310210134', 'qwerty', '张文武', 0, 3, '社员', '18930481091', '', '02', '机械134', 0, '', 0, '2016-10-10 15:54:25'),
('201310210135', 'qwerty', '娄佳程', 0, 2, '社员', '13248250017', '', '02', '港机131', 0, '', 0, '2016-10-10 15:54:25'),
('201310210142', 'qwerty', '林绍鹏', 0, 0, '社长', '13262879838', '', '02', '机械132', 0, '', 0, '2016-10-10 15:54:25'),
('201310210150', 'qwerty', '王少怀', 0, 2, '社员', '13262869317', '', '03', '计算机144', 0, '', 0, '2016-10-10 15:54:25'),
('201310210157', 'qwerty', '王颖', 0, 3, '社员', '15055762152', '', '02', '机械132', 0, '', 0, '2016-10-10 15:54:25'),
('201310210165', 'qwerty', '庄亿', 0, 4, '社员', '18501705509', '', '02', '机械132', 0, '', 0, '2016-10-10 15:54:25'),
('201310210169', 'qwerty', '周添之', 0, 1, '社员', '18930840193', '', '02', '机械132', 0, '', 0, '2016-10-10 15:54:25'),
('201310210172', 'qwerty', '李灏', 0, 4, '社员', '15026846742', '', '02', '港机131', 0, '', 0, '2016-10-10 15:54:25'),
('201310216016', 'qwerty', '丁恒炀', 0, 2, '社员', '15618262431', '', '02', '机电131', 0, '', 0, '2016-10-10 15:54:25'),
('201310216034', 'qwerty', '游家伟', 0, 2, '社员', '13262869358', '', '02', '机电131', 0, '', 0, '2016-10-10 15:54:25'),
('201310216052', 'qwerty', '薄海杰', 0, 2, '社员', '15221653803', '', '02', '机电132', 0, '', 0, '2016-10-10 15:54:25'),
('201310216056', 'qwerty', '梁思飞', 0, 1, '社员', '13262739028', '', '02', '机械132', 0, '', 0, '2016-10-10 15:54:25'),
('201310234030', 'qwerty', '韩成', 0, 2, '社员', '13248250585', '', '02', '电控131', 0, '', 0, '2016-10-10 15:54:25'),
('201310234043', 'qwerty', '顾翁顺', 0, 2, '社员', '18121313625', '', '02', '电控132', 0, '', 0, '2016-10-10 15:54:25'),
('201310234044', 'qwerty', '殷学睿', 0, 2, '部长', '18964591675', '', '02', '电控132', 0, '', 0, '2016-10-10 15:54:25'),
('201310234046', 'qwerty', '桑双', 0, 2, '社员', '18116279202', '', '02', '电控132', 0, '', 0, '2016-10-10 15:54:25'),
('201310234050', 'qwerty', '丁永超', 0, 4, '部长', '18818000120', '', '02', '电控132', 0, '', 0, '2016-10-10 15:54:25'),
('201310234053', 'qwerty', '葛乐涛', 0, 4, '社员', '18201786286', '', '02', '电控132', 0, '', 0, '2016-10-10 15:54:25'),
('201310234055', 'qwerty', '达汉', 0, 2, '社员', '18818050609', '', '02', '电控132', 0, '', 0, '2016-10-10 15:54:25'),
('201310234057', 'qwerty', '殷永富', 0, 2, '社员', '13761563940', '', '02', '电控132', 0, '', 0, '2016-10-10 15:54:25'),
('201310312024', 'qwerty', '张朔瞻', 0, 2, '社员', '15001834676', '', '02', '信息131', 0, '', 0, '2016-10-10 15:54:25'),
('201310312072', 'qwerty', '童承权', 0, 2, '社员', '18058661396', '', '03', '信息133', 0, '', 0, '2016-10-10 15:54:25'),
('201310312080', 'qwerty', '刘剑芸', 0, 1, '社员', '13512191023', '', '03', '信息133', 0, '', 0, '2016-10-10 15:54:25'),
('201310312091', 'qwerty', '周子杰', 0, 1, '社员', '15026897438', '', '03', '信息133', 0, '', 0, '2016-10-10 15:54:25'),
('201310312095', 'qwerty', '毛伟佳', 0, 1, '社员', '18964969311', '', '03', '信息133', 0, '', 0, '2016-10-10 15:54:25'),
('201310314062', 'qwerty', '喻抒豪', 0, 4, '社员', '13916751945', '', '03', '网络132', 0, '', 0, '2016-10-10 15:54:25'),
('201310623080', 'qwerty', '吴岳', 0, 3, '部长', '13262869851', '', '06', '国航132', 0, '', 0, '2016-10-10 15:54:25'),
('201310810113', 'qwerty', '王露颖', 0, 1, '社员', '18217187965', '', '08', '英航131', 0, '', 0, '2016-10-10 15:54:25'),
('201310810119', 'qwerty', '陈贝妮', 0, 1, '社员', '13601609203', '', '08', '英航131', 0, '', 0, '2016-10-10 15:54:25'),
('201410111115', 'qwerty', '曲锦雄', 0, 1, '社员', '13262705150', '', '01', '航海144', 0, '', 0, '2016-10-10 15:54:25'),
('201410111118', 'qwerty', '徐昌山', 0, 2, '社员', '13122914360', '', '01', '航海144', 0, '', 0, '2016-10-10 15:54:25'),
('201410111128', 'qwerty', '吴昊天', 0, 2, '社员', '13262725285', '', '01', '航海144', 0, '', 0, '2016-10-10 15:54:25'),
('201410121232', 'qwerty', '王志轩', 0, 4, '社员', '15021872010', '', '01', '轮机147', 0, '', 0, '2016-10-10 15:54:25'),
('201410121287', 'qwerty', '解国富', 0, 2, '社员', '13155298881', '', '01', '轮机148', 0, '', 0, '2016-10-10 15:54:25'),
('201410125046', 'qwerty', '张钱平', 0, 4, '社员', '15001895020', '', '01', '船电142', 0, '', 0, '2016-10-10 15:54:25'),
('201410210003', 'qwerty', '张诗渊', 0, 1, '社员', '13262739800', '', '02', '机械141', 0, '', 0, '2016-10-10 15:54:25'),
('201410210090', 'qwerty', '周灵英', 0, 3, '社员', '15000802736', '', '02', '港机141', 0, '', 0, '2016-10-10 15:54:25'),
('201410210161', 'qwerty', '卓越', 0, 1, '社员', '15026501951', '', '02', '机械144', 0, '', 0, '2016-10-10 15:54:25'),
('201410216013', 'qwerty', '钱勇', 0, 1, '社员', '15821829359', '', '02', '机电荷141', 0, '', 0, '2016-10-10 15:54:25'),
('201410223062', 'qwerty', '戚嘉胤', 0, 2, '社员', '18821087243', '', '02', '电气142', 0, '', 0, '2016-10-10 15:54:25'),
('201410230028', 'qwerty', '张敏', 0, 2, '社员', '18217099273', '', '02', '电气141', 0, '', 0, '2016-10-10 15:54:25'),
('201410230037', 'qwerty', '隋泽衡', 0, 2, '社员', '15001818231', '', '02', '电气141', 0, '', 0, '2016-10-10 15:54:25'),
('201410230044', 'qwerty', '李蔓', 0, 2, '社员', '15921015639', NULL, '02', '电气142', 0, '', 0, '2016-10-29 05:14:09'),
('201410230050', 'qwerty', '龚旖', 0, 2, '社员', '15000509503', '', '02', '电气142', 0, '', 0, '2016-10-10 15:54:25'),
('201410230056', 'qwerty', '孙钰', 0, 2, '社员', '13391009227', '', '02', '电气142', 0, '', 0, '2016-10-10 15:54:25'),
('201410230060', 'qwerty', '顾政熙', 0, 2, '社员', '15921221704', '', '02', '电气142', 0, '', 0, '2016-10-10 15:54:25'),
('201410230061', 'qwerty', '刘澐', 0, 2, '社员', '13651807694', '', '02', '电气142', 0, '', 0, '2016-10-10 15:54:25'),
('201410230209', 'qwerty', '杨明豪', 0, 3, '社员', '15821473007', '', '02', '电气146', 0, '', 0, '2016-10-10 15:54:25'),
('201410266038', 'qwerty', '杨昊霖', 0, 3, '社员', '15021088886', '', '02', '机电荷142', 0, '', 0, '2016-10-10 15:54:25'),
('201410311072', 'yunyou', '云游君', 1, 3, '管理员', '15000985609', '910426929@qq.com', '03', '计算机141', 5, '57bb6d6b568d64de54c8d40f737fb158', 5, '2016-10-12 05:11:04'),
('201410311073', 'bufangqing', '卜芳青', 0, 0, '社员', '15921289535', '929518025@qq.com', '03', '信息142', 5, '', 1, '2016-10-05 19:48:02'),
('201410311076', 'luranqin', '陆冉钦', 0, 0, '社员', '13301611706', '770604764@qq.com', '03', '信息142', 5, '', 1, '2016-10-05 19:46:22'),
('201410311132', 'qwerty', '刘烨', 0, 2, '社员', '18302159686', '', '03', '计算机143', 0, '', 0, '2016-10-10 15:54:25'),
('201410311133', 'qwerty', '周佳驰', 0, 3, '社员', '18721012581', '', '03', '计算机143', 0, '', 0, '2016-10-10 15:54:25'),
('201410320080', 'qwerty', '李家宇', 0, 1, '社员', '15921093090', '', '03', '通信142', 0, '', 0, '2016-10-10 15:54:25'),
('201410413071', 'qwerty', '杨越庭', 0, 1, '社员', '13661914683', '', '04', '船舶142', 0, '', 0, '2016-10-10 15:54:25'),
('201410623180', 'qwerty', '陈晶苗', 0, 1, '社员', '18212098731', '', '06', '国航145', 0, '', 0, '2016-10-10 15:54:25'),
('201410730199', 'qwerty', '徐诗雯', 0, 4, '社员', '13764930317', '', '07', '财管142', 0, '', 0, '2016-10-10 15:54:25'),
('201410730205', 'qwerty', '胡清莹', 0, 1, '社员', '15001720059', '', '07', '会计141', 0, '', 0, '2016-10-10 15:54:25'),
('201410810142', 'qwerty', '杨一苇', 0, 1, '社员', '18217068115', '', '08', '英语145', 0, '', 0, '2016-10-10 15:54:25'),
('201411041002', 'qwerty', '梁许诺', 0, 3, '社员', '18800295569', NULL, '10', '工设141', 0, '', 0, '2016-10-29 05:09:33');

-- --------------------------------------------------------

--
-- 表的结构 `orderbook`
--

CREATE TABLE `orderbook` (
  `OID` int(6) UNSIGNED ZEROFILL NOT NULL,
  `ID` char(12) COLLATE utf8_unicode_ci NOT NULL,
  `FSBN` char(5) COLLATE utf8_unicode_ci NOT NULL,
  `OTIME` timestamp NOT NULL DEFAULT CURRENT_TIMESTAMP ON UPDATE CURRENT_TIMESTAMP
) ENGINE=InnoDB DEFAULT CHARSET=utf8 COLLATE=utf8_unicode_ci;

--
-- 转存表中的数据 `orderbook`
--

INSERT INTO `orderbook` (`OID`, `ID`, `FSBN`, `OTIME`) VALUES
(000019, '201410311072', '10030', '2016-11-09 09:25:38');

-- --------------------------------------------------------

--
-- 表的结构 `yourword`
--

CREATE TABLE `yourword` (
  `WID` int(11) NOT NULL,
  `ID` char(12) COLLATE utf8_unicode_ci NOT NULL,
  `WTITLE` tinytext COLLATE utf8_unicode_ci NOT NULL,
  `WTIME` timestamp NOT NULL DEFAULT CURRENT_TIMESTAMP ON UPDATE CURRENT_TIMESTAMP,
  `WMESSAGE` text COLLATE utf8_unicode_ci NOT NULL,
  `NOBODY` tinyint(1) DEFAULT '0'
) ENGINE=InnoDB DEFAULT CHARSET=utf8 COLLATE=utf8_unicode_ci;

--
-- 转存表中的数据 `yourword`
--

INSERT INTO `yourword` (`WID`, `ID`, `WTITLE`, `WTIME`, `WMESSAGE`, `NOBODY`) VALUES
(1, '201410311072', '云游', '2016-11-09 10:24:46', '我觉得orz', 0),
(2, '201410311072', 'test', '2016-11-09 11:00:48', 'test\r\n\r\n幻星科幻协会\r\n\r\n 上海·浦东新区·临港新城·上海海事大学·中远图书馆\r\n\r\n QQ群：182332107\r\n\r\n 13917995827\r\n\r\n smuhxxh@163.com', 0),
(3, '201410311072', 'TEST', '2017-01-24 08:52:30', 'TEST', 1);

--
-- Indexes for dumped tables
--

--
-- Indexes for table `book`
--
ALTER TABLE `book`
  ADD PRIMARY KEY (`FSBN`);

--
-- Indexes for table `bookcomment`
--
ALTER TABLE `bookcomment`
  ADD PRIMARY KEY (`CID`);

--
-- Indexes for table `borrow`
--
ALTER TABLE `borrow`
  ADD PRIMARY KEY (`ID`,`FSBN`);

--
-- Indexes for table `college`
--
ALTER TABLE `college`
  ADD PRIMARY KEY (`ACADEMY`);

--
-- Indexes for table `member`
--
ALTER TABLE `member`
  ADD PRIMARY KEY (`ID`),
  ADD UNIQUE KEY `ID_2` (`ID`);

--
-- Indexes for table `orderbook`
--
ALTER TABLE `orderbook`
  ADD PRIMARY KEY (`OID`);

--
-- Indexes for table `yourword`
--
ALTER TABLE `yourword`
  ADD PRIMARY KEY (`WID`);

--
-- 在导出的表使用AUTO_INCREMENT
--

--
-- 使用表AUTO_INCREMENT `book`
--
ALTER TABLE `book`
  MODIFY `FSBN` mediumint(5) UNSIGNED ZEROFILL NOT NULL AUTO_INCREMENT, AUTO_INCREMENT=10073;
--
-- 使用表AUTO_INCREMENT `bookcomment`
--
ALTER TABLE `bookcomment`
  MODIFY `CID` int(6) UNSIGNED ZEROFILL NOT NULL AUTO_INCREMENT, AUTO_INCREMENT=13;
--
-- 使用表AUTO_INCREMENT `orderbook`
--
ALTER TABLE `orderbook`
  MODIFY `OID` int(6) UNSIGNED ZEROFILL NOT NULL AUTO_INCREMENT, AUTO_INCREMENT=20;
--
-- 使用表AUTO_INCREMENT `yourword`
--
ALTER TABLE `yourword`
  MODIFY `WID` int(11) NOT NULL AUTO_INCREMENT, AUTO_INCREMENT=4;
/*!40101 SET CHARACTER_SET_CLIENT=@OLD_CHARACTER_SET_CLIENT */;
/*!40101 SET CHARACTER_SET_RESULTS=@OLD_CHARACTER_SET_RESULTS */;
/*!40101 SET COLLATION_CONNECTION=@OLD_COLLATION_CONNECTION */;
